{"cameraMode":{"drawMode":0,"name":"Shaded","section":"Shading Mode"},"sceneLighting":true,"audioPlay":false,"sceneViewState":{"m_AlwaysRefresh":true,"showFog":true,"showSkybox":true,"showFlares":true,"showImageEffects":true,"showParticleSystems":true,"showVisualEffectGraphs":true,"m_FxEnabled":true},"in2DMode":false,"pivot":{"x":115.60834503173828,"y":6.079468727111816,"z":38.929283142089847},"rotation":{"x":0.029770318418741227,"y":0.7762072086334229,"z":-0.036746297031641009,"w":0.6287174224853516},"size":61.54952621459961,"orthographic":false}